{"cameraMode":{"drawMode":0,"name":"Shaded","section":"Shading Mode"},"sceneLighting":true,"audioPlay":false,"sceneViewState":{"showFog":true,"showMaterialUpdate":false,"showSkybox":true,"showFlares":true,"showImageEffects":true,"showParticleSystems":true},"in2DMode":false,"pivot":{"x":-2.4053454399108888,"y":-2.3026773929595949,"z":-1.6007232666015626},"rotation":{"x":-0.24216961860656739,"y":0.1113363727927208,"z":-0.027983203530311586,"w":-0.9634184837341309},"size":16.281888961791993,"orthographic":false}