{"cameraMode":{"drawMode":0,"name":"Shaded","section":"Shading Mode"},"sceneLighting":true,"audioPlay":false,"sceneViewState":{"showFog":true,"showMaterialUpdate":false,"showSkybox":true,"showFlares":true,"showImageEffects":true,"showParticleSystems":true},"in2DMode":false,"pivot":{"x":-0.23989278078079225,"y":1.3471945524215699,"z":1.32389497756958},"rotation":{"x":0.05751600116491318,"y":0.36443740129470827,"z":-0.02256176248192787,"w":0.9291761517524719},"size":0.9473249316215515,"orthographic":false}